,NIG,name,Monitor,Timestamp
5.0,0.00039,./pilatus/InAs0799/InAs0799time3/InAs0799time3_1_0.tif,12360.0,
6.0,0.000392,./pilatus/InAs0799/InAs0799time3/InAs0799time3_1_1.tif,12707.0,
11.0,0.000392,./pilatus/InAs0799/InAs0799time3/InAs0799time3_1_2.tif,12273.0,
12.0,0.000392,./pilatus/InAs0799/InAs0799time3/InAs0799time3_1_3.tif,12741.0,
13.0,0.000392,./pilatus/InAs0799/InAs0799time3/InAs0799time3_1_4.tif,13010.0,
14.0,1.0,./pilatus/InAs0799/InAs0799time3/InAs0799time3_1_5.tif,12605.0,
20.0,0.000391,./pilatus/InAs0799/InAs0799time3/InAs0799time3_1_6.tif,12150.0,
21.0,0.000389,./pilatus/InAs0799/InAs0799time3/InAs0799time3_1_7.tif,11691.0,
22.0,1.0,./pilatus/InAs0799/InAs0799time3/InAs0799time3_1_8.tif,12921.0,
28.0,0.00039,./pilatus/InAs0799/InAs0799time3/InAs0799time3_1_9.tif,12204.0,
29.0,0.000391,./pilatus/InAs0799/InAs0799time3/InAs0799time3_1_10.tif,12456.0,
30.0,0.000391,./pilatus/InAs0799/InAs0799time3/InAs0799time3_1_11.tif,12312.0,
31.0,1.0,./pilatus/InAs0799/InAs0799time3/InAs0799time3_1_12.tif,12571.0,
37.0,0.00039,./pilatus/InAs0799/InAs0799time3/InAs0799time3_1_13.tif,12708.0,
38.0,0.000389,./pilatus/InAs0799/InAs0799time3/InAs0799time3_1_14.tif,12688.0,
39.0,0.00039,./pilatus/InAs0799/InAs0799time3/InAs0799time3_1_15.tif,12821.0,
40.0,1.0,./pilatus/InAs0799/InAs0799time3/InAs0799time3_1_16.tif,12010.0,
46.0,0.00039,./pilatus/InAs0799/InAs0799time3/InAs0799time3_1_17.tif,12757.0,
47.0,0.00039,./pilatus/InAs0799/InAs0799time3/InAs0799time3_1_18.tif,13000.0,
48.0,0.00039,./pilatus/InAs0799/InAs0799time3/InAs0799time3_1_19.tif,12734.0,
49.0,1.0,./pilatus/InAs0799/InAs0799time3/InAs0799time3_1_20.tif,12645.0,
55.0,0.000392,./pilatus/InAs0799/InAs0799time3/InAs0799time3_1_21.tif,12789.0,
56.0,0.000392,./pilatus/InAs0799/InAs0799time3/InAs0799time3_1_22.tif,12896.0,
57.0,0.000392,./pilatus/InAs0799/InAs0799time3/InAs0799time3_1_23.tif,12608.0,
58.0,1.0,./pilatus/InAs0799/InAs0799time3/InAs0799time3_1_24.tif,12537.0,
64.0,0.000392,./pilatus/InAs0799/InAs0799time3/InAs0799time3_1_25.tif,12421.0,
65.0,0.000391,./pilatus/InAs0799/InAs0799time3/InAs0799time3_1_26.tif,12975.0,
66.0,0.000391,./pilatus/InAs0799/InAs0799time3/InAs0799time3_1_27.tif,12632.0,
67.0,1.0,./pilatus/InAs0799/InAs0799time3/InAs0799time3_1_28.tif,12396.0,
73.0,0.00039,./pilatus/InAs0799/InAs0799time3/InAs0799time3_1_29.tif,12741.0,
74.0,0.00039,./pilatus/InAs0799/InAs0799time3/InAs0799time3_1_30.tif,12968.0,
75.0,0.00039,./pilatus/InAs0799/InAs0799time3/InAs0799time3_1_31.tif,12539.0,
76.0,1.0,./pilatus/InAs0799/InAs0799time3/InAs0799time3_1_32.tif,12858.0,
82.0,0.00039,./pilatus/InAs0799/InAs0799time3/InAs0799time3_1_33.tif,12083.0,
83.0,0.00039,./pilatus/InAs0799/InAs0799time3/InAs0799time3_1_34.tif,12349.0,
84.0,0.000391,./pilatus/InAs0799/InAs0799time3/InAs0799time3_1_35.tif,12962.0,
85.0,1.0,./pilatus/InAs0799/InAs0799time3/InAs0799time3_1_36.tif,12857.0,
91.0,0.000389,./pilatus/InAs0799/InAs0799time3/InAs0799time3_1_37.tif,11948.0,
92.0,0.000389,./pilatus/InAs0799/InAs0799time3/InAs0799time3_1_38.tif,12073.0,
93.0,0.00039,./pilatus/InAs0799/InAs0799time3/InAs0799time3_1_39.tif,11839.0,
94.0,1.0,./pilatus/InAs0799/InAs0799time3/InAs0799time3_1_40.tif,12690.0,
100.0,0.000396,./pilatus/InAs0799/InAs0799time3/InAs0799time3_1_41.tif,12511.0,
101.0,0.000394,./pilatus/InAs0799/InAs0799time3/InAs0799time3_1_42.tif,12615.0,
102.0,1.0,./pilatus/InAs0799/InAs0799time3/InAs0799time3_1_43.tif,12403.0,
108.0,0.000394,./pilatus/InAs0799/InAs0799time3/InAs0799time3_1_44.tif,11888.0,
109.0,0.000394,./pilatus/InAs0799/InAs0799time3/InAs0799time3_1_45.tif,12341.0,
110.0,1.0,./pilatus/InAs0799/InAs0799time3/InAs0799time3_1_46.tif,12815.0,
116.0,0.000393,./pilatus/InAs0799/InAs0799time3/InAs0799time3_1_47.tif,12725.0,
117.0,0.000394,./pilatus/InAs0799/InAs0799time3/InAs0799time3_1_48.tif,12723.0,
118.0,0.000392,./pilatus/InAs0799/InAs0799time3/InAs0799time3_1_49.tif,12694.0,
119.0,1.0,./pilatus/InAs0799/InAs0799time3/InAs0799time3_1_50.tif,12622.0,
125.0,0.000392,./pilatus/InAs0799/InAs0799time3/InAs0799time3_1_51.tif,12750.0,
126.0,0.000392,./pilatus/InAs0799/InAs0799time3/InAs0799time3_1_52.tif,12858.0,
127.0,0.000392,./pilatus/InAs0799/InAs0799time3/InAs0799time3_1_53.tif,12936.0,
128.0,1.0,./pilatus/InAs0799/InAs0799time3/InAs0799time3_1_54.tif,13074.0,
134.0,0.000392,./pilatus/InAs0799/InAs0799time3/InAs0799time3_1_55.tif,12288.0,
135.0,0.000392,./pilatus/InAs0799/InAs0799time3/InAs0799time3_1_56.tif,12975.0,
136.0,0.000394,./pilatus/InAs0799/InAs0799time3/InAs0799time3_1_57.tif,12447.0,
137.0,1.0,./pilatus/InAs0799/InAs0799time3/InAs0799time3_1_58.tif,12062.0,
143.0,0.000396,./pilatus/InAs0799/InAs0799time3/InAs0799time3_1_59.tif,12514.0,
144.0,0.000395,./pilatus/InAs0799/InAs0799time3/InAs0799time3_1_60.tif,12760.0,
145.0,0.000396,./pilatus/InAs0799/InAs0799time3/InAs0799time3_1_61.tif,12795.0,
146.0,1.0,./pilatus/InAs0799/InAs0799time3/InAs0799time3_1_62.tif,12439.0,
152.0,0.000392,./pilatus/InAs0799/InAs0799time3/InAs0799time3_1_63.tif,12937.0,
153.0,0.000392,./pilatus/InAs0799/InAs0799time3/InAs0799time3_1_64.tif,12572.0,
154.0,0.000392,./pilatus/InAs0799/InAs0799time3/InAs0799time3_1_65.tif,12286.0,
155.0,0.000392,./pilatus/InAs0799/InAs0799time3/InAs0799time3_1_66.tif,12368.0,
156.0,1.0,./pilatus/InAs0799/InAs0799time3/InAs0799time3_1_67.tif,11544.0,
162.0,0.00039,./pilatus/InAs0799/InAs0799time3/InAs0799time3_1_68.tif,12408.0,
163.0,0.000392,./pilatus/InAs0799/InAs0799time3/InAs0799time3_1_69.tif,10916.0,
164.0,0.000392,./pilatus/InAs0799/InAs0799time3/InAs0799time3_1_70.tif,12386.0,
165.0,1.0,./pilatus/InAs0799/InAs0799time3/InAs0799time3_1_71.tif,12786.0,
171.0,0.000392,./pilatus/InAs0799/InAs0799time3/InAs0799time3_1_72.tif,13091.0,
172.0,0.000392,./pilatus/InAs0799/InAs0799time3/InAs0799time3_1_73.tif,12796.0,
173.0,0.000392,./pilatus/InAs0799/InAs0799time3/InAs0799time3_1_74.tif,13043.0,
174.0,1.0,./pilatus/InAs0799/InAs0799time3/InAs0799time3_1_75.tif,12940.0,
181.0,0.00039,./pilatus/InAs0799/InAs0799time3/InAs0799time3_1_76.tif,12784.0,
182.0,0.000391,./pilatus/InAs0799/InAs0799time3/InAs0799time3_1_77.tif,12665.0,
183.0,0.000392,./pilatus/InAs0799/InAs0799time3/InAs0799time3_1_78.tif,12557.0,
184.0,1.0,./pilatus/InAs0799/InAs0799time3/InAs0799time3_1_79.tif,12584.0,
190.0,0.00039,./pilatus/InAs0799/InAs0799time3/InAs0799time3_1_80.tif,12800.0,
191.0,0.00039,./pilatus/InAs0799/InAs0799time3/InAs0799time3_1_81.tif,12526.0,
192.0,1.0,./pilatus/InAs0799/InAs0799time3/InAs0799time3_1_82.tif,13047.0,
198.0,0.000348,./pilatus/InAs0799/InAs0799time3/InAs0799time3_1_83.tif,12948.0,
199.0,0.000343,./pilatus/InAs0799/InAs0799time3/InAs0799time3_1_84.tif,12433.0,
200.0,0.000338,./pilatus/InAs0799/InAs0799time3/InAs0799time3_1_85.tif,12437.0,
201.0,1.0,./pilatus/InAs0799/InAs0799time3/InAs0799time3_1_86.tif,11794.0,
207.0,0.000321,./pilatus/InAs0799/InAs0799time3/InAs0799time3_1_87.tif,11198.0,
208.0,0.000317,./pilatus/InAs0799/InAs0799time3/InAs0799time3_1_88.tif,12116.0,
209.0,0.000315,./pilatus/InAs0799/InAs0799time3/InAs0799time3_1_89.tif,10971.0,
210.0,1.0,./pilatus/InAs0799/InAs0799time3/InAs0799time3_1_90.tif,10261.0,
216.0,0.000308,./pilatus/InAs0799/InAs0799time3/InAs0799time3_1_91.tif,12754.0,
217.0,0.000306,./pilatus/InAs0799/InAs0799time3/InAs0799time3_1_92.tif,12891.0,
218.0,0.000306,./pilatus/InAs0799/InAs0799time3/InAs0799time3_1_93.tif,12906.0,
219.0,0.000304,./pilatus/InAs0799/InAs0799time3/InAs0799time3_1_94.tif,11467.0,
222.0,0.000303,./pilatus/InAs0799/InAs0799time3/InAs0799time3_1_95.tif,12825.0,
223.0,0.000302,./pilatus/InAs0799/InAs0799time3/InAs0799time3_1_96.tif,12626.0,
224.0,0.000304,./pilatus/InAs0799/InAs0799time3/InAs0799time3_1_97.tif,12969.0,
225.0,0.000314,./pilatus/InAs0799/InAs0799time3/InAs0799time3_1_98.tif,12585.0,
226.0,0.0,./pilatus/InAs0799/InAs0799time3/InAs0799time3_1_99.tif,12551.0,
232.0,0.000346,./pilatus/InAs0799/InAs0799time3/InAs0799time3_1_100.tif,11664.0,
233.0,0.000346,./pilatus/InAs0799/InAs0799time3/InAs0799time3_1_101.tif,12771.0,
234.0,1.0,./pilatus/InAs0799/InAs0799time3/InAs0799time3_1_102.tif,12119.0,
240.0,0.00036,./pilatus/InAs0799/InAs0799time3/InAs0799time3_1_103.tif,11646.0,
241.0,0.000361,./pilatus/InAs0799/InAs0799time3/InAs0799time3_1_104.tif,11447.0,
242.0,1.0,./pilatus/InAs0799/InAs0799time3/InAs0799time3_1_105.tif,12023.0,
249.0,0.000367,./pilatus/InAs0799/InAs0799time3/InAs0799time3_1_106.tif,12916.0,
250.0,0.000367,./pilatus/InAs0799/InAs0799time3/InAs0799time3_1_107.tif,12504.0,
250.0,0.000369,./pilatus/InAs0799/InAs0799time3/InAs0799time3_1_108.tif,11720.0,
251.0,1.0,./pilatus/InAs0799/InAs0799time3/InAs0799time3_1_109.tif,12130.0,
258.0,0.000371,./pilatus/InAs0799/InAs0799time3/InAs0799time3_1_110.tif,12632.0,
258.0,0.000373,./pilatus/InAs0799/InAs0799time3/InAs0799time3_1_111.tif,11796.0,
259.0,0.000373,./pilatus/InAs0799/InAs0799time3/InAs0799time3_1_112.tif,12878.0,
260.0,0.000341,./pilatus/InAs0799/InAs0799time3/InAs0799time3_1_113.tif,12447.0,
265.0,0.000335,./pilatus/InAs0799/InAs0799time3/InAs0799time3_1_114.tif,12786.0,
266.0,0.000331,./pilatus/InAs0799/InAs0799time3/InAs0799time3_1_115.tif,12671.0,
267.0,0.000326,./pilatus/InAs0799/InAs0799time3/InAs0799time3_1_116.tif,12661.0,
268.0,1.0,./pilatus/InAs0799/InAs0799time3/InAs0799time3_1_117.tif,12698.0,
274.0,0.00031,./pilatus/InAs0799/InAs0799time3/InAs0799time3_1_118.tif,11424.0,
275.0,0.00031,./pilatus/InAs0799/InAs0799time3/InAs0799time3_1_119.tif,11641.0,
276.0,0.000308,./pilatus/InAs0799/InAs0799time3/InAs0799time3_1_120.tif,12144.0,
277.0,1.0,./pilatus/InAs0799/InAs0799time3/InAs0799time3_1_121.tif,12200.0,
283.0,0.000302,./pilatus/InAs0799/InAs0799time3/InAs0799time3_1_122.tif,12668.0,
284.0,0.0003,./pilatus/InAs0799/InAs0799time3/InAs0799time3_1_123.tif,12691.0,
285.0,0.0003,./pilatus/InAs0799/InAs0799time3/InAs0799time3_1_124.tif,12975.0,
286.0,1.0,./pilatus/InAs0799/InAs0799time3/InAs0799time3_1_125.tif,12581.0,
292.0,0.000298,./pilatus/InAs0799/InAs0799time3/InAs0799time3_1_126.tif,12882.0,
293.0,1.0,./pilatus/InAs0799/InAs0799time3/InAs0799time3_1_127.tif,12536.0,
300.0,0.000327,./pilatus/InAs0799/InAs0799time3/InAs0799time3_1_128.tif,13016.0,
301.0,0.000331,./pilatus/InAs0799/InAs0799time3/InAs0799time3_1_129.tif,13089.0,
301.0,1.0,./pilatus/InAs0799/InAs0799time3/InAs0799time3_1_130.tif,12300.0,
308.0,0.000348,./pilatus/InAs0799/InAs0799time3/InAs0799time3_1_131.tif,12711.0,
309.0,0.000348,./pilatus/InAs0799/InAs0799time3/InAs0799time3_1_132.tif,13130.0,
310.0,0.000352,./pilatus/InAs0799/InAs0799time3/InAs0799time3_1_133.tif,12669.0,
311.0,1.0,./pilatus/InAs0799/InAs0799time3/InAs0799time3_1_134.tif,12340.0,
317.0,0.000362,./pilatus/InAs0799/InAs0799time3/InAs0799time3_1_135.tif,12910.0,
318.0,1.0,./pilatus/InAs0799/InAs0799time3/InAs0799time3_1_136.tif,12791.0,
324.0,0.000329,./pilatus/InAs0799/InAs0799time3/InAs0799time3_1_137.tif,12771.0,
325.0,0.000325,./pilatus/InAs0799/InAs0799time3/InAs0799time3_1_138.tif,12486.0,
326.0,0.000321,./pilatus/InAs0799/InAs0799time3/InAs0799time3_1_139.tif,12583.0,
327.0,1.0,./pilatus/InAs0799/InAs0799time3/InAs0799time3_1_140.tif,11794.0,
333.0,0.000307,./pilatus/InAs0799/InAs0799time3/InAs0799time3_1_141.tif,12723.0,
334.0,0.000306,./pilatus/InAs0799/InAs0799time3/InAs0799time3_1_142.tif,12641.0,
335.0,0.000306,./pilatus/InAs0799/InAs0799time3/InAs0799time3_1_143.tif,12986.0,
336.0,1.0,./pilatus/InAs0799/InAs0799time3/InAs0799time3_1_144.tif,12490.0,
342.0,0.0003,./pilatus/InAs0799/InAs0799time3/InAs0799time3_1_145.tif,12049.0,
343.0,0.000298,./pilatus/InAs0799/InAs0799time3/InAs0799time3_1_146.tif,12764.0,
344.0,0.000298,./pilatus/InAs0799/InAs0799time3/InAs0799time3_1_147.tif,12422.0,
345.0,0.000298,./pilatus/InAs0799/InAs0799time3/InAs0799time3_1_148.tif,12775.0,
347.0,0.000298,./pilatus/InAs0799/InAs0799time3/InAs0799time3_1_149.tif,11282.0,
348.0,0.000297,./pilatus/InAs0799/InAs0799time3/InAs0799time3_1_150.tif,12315.0,
349.0,0.0003,./pilatus/InAs0799/InAs0799time3/InAs0799time3_1_151.tif,12659.0,
350.0,0.000306,./pilatus/InAs0799/InAs0799time3/InAs0799time3_1_152.tif,11450.0,
350.0,0.000315,./pilatus/InAs0799/InAs0799time3/InAs0799time3_1_153.tif,12083.0,
351.0,0.000321,./pilatus/InAs0799/InAs0799time3/InAs0799time3_1_154.tif,12969.0,
352.0,0.000326,./pilatus/InAs0799/InAs0799time3/InAs0799time3_1_155.tif,13043.0,
353.0,1.0,./pilatus/InAs0799/InAs0799time3/InAs0799time3_1_156.tif,12775.0,
359.0,0.000346,./pilatus/InAs0799/InAs0799time3/InAs0799time3_1_157.tif,12586.0,
360.0,0.000348,./pilatus/InAs0799/InAs0799time3/InAs0799time3_1_158.tif,12053.0,
361.0,1.0,./pilatus/InAs0799/InAs0799time3/InAs0799time3_1_159.tif,12102.0,
368.0,0.000357,./pilatus/InAs0799/InAs0799time3/InAs0799time3_1_160.tif,12768.0,
368.0,0.000356,./pilatus/InAs0799/InAs0799time3/InAs0799time3_1_161.tif,12967.0,
369.0,0.00036,./pilatus/InAs0799/InAs0799time3/InAs0799time3_1_162.tif,12416.0,
370.0,1.0,./pilatus/InAs0799/InAs0799time3/InAs0799time3_1_163.tif,12629.0,
377.0,0.000366,./pilatus/InAs0799/InAs0799time3/InAs0799time3_1_164.tif,12690.0,
377.0,0.000365,./pilatus/InAs0799/InAs0799time3/InAs0799time3_1_165.tif,12997.0,
378.0,0.000367,./pilatus/InAs0799/InAs0799time3/InAs0799time3_1_166.tif,12869.0,
379.0,1.0,./pilatus/InAs0799/InAs0799time3/InAs0799time3_1_167.tif,12698.0,
386.0,0.000371,./pilatus/InAs0799/InAs0799time3/InAs0799time3_1_168.tif,12778.0,
386.0,0.000371,./pilatus/InAs0799/InAs0799time3/InAs0799time3_1_169.tif,12616.0,
387.0,0.00037,./pilatus/InAs0799/InAs0799time3/InAs0799time3_1_170.tif,12756.0,
388.0,1.0,./pilatus/InAs0799/InAs0799time3/InAs0799time3_1_171.tif,12228.0,
395.0,0.000376,./pilatus/InAs0799/InAs0799time3/InAs0799time3_1_172.tif,12141.0,
395.0,0.000377,./pilatus/InAs0799/InAs0799time3/InAs0799time3_1_173.tif,11898.0,
396.0,0.000377,./pilatus/InAs0799/InAs0799time3/InAs0799time3_1_174.tif,12648.0,
397.0,0.000377,./pilatus/InAs0799/InAs0799time3/InAs0799time3_1_175.tif,11610.0,
399.0,0.000377,./pilatus/InAs0799/InAs0799time3/InAs0799time3_1_176.tif,12807.0,
400.0,0.000377,./pilatus/InAs0799/InAs0799time3/InAs0799time3_1_177.tif,12051.0,
400.0,0.000365,./pilatus/InAs0799/InAs0799time3/InAs0799time3_1_178.tif,12326.0,
401.0,0.000354,./pilatus/InAs0799/InAs0799time3/InAs0799time3_1_179.tif,12296.0,
402.0,0.000346,./pilatus/InAs0799/InAs0799time3/InAs0799time3_1_180.tif,12954.0,
404.0,0.000339,./pilatus/InAs0799/InAs0799time3/InAs0799time3_1_181.tif,12357.0,
404.0,0.000333,./pilatus/InAs0799/InAs0799time3/InAs0799time3_1_182.tif,12799.0,
405.0,1.0,./pilatus/InAs0799/InAs0799time3/InAs0799time3_1_183.tif,12616.0,
412.0,0.000314,./pilatus/InAs0799/InAs0799time3/InAs0799time3_1_184.tif,12610.0,
413.0,0.000313,./pilatus/InAs0799/InAs0799time3/InAs0799time3_1_185.tif,12956.0,
413.0,0.000312,./pilatus/InAs0799/InAs0799time3/InAs0799time3_1_186.tif,12955.0,
414.0,1.0,./pilatus/InAs0799/InAs0799time3/InAs0799time3_1_187.tif,12969.0,
421.0,0.000302,./pilatus/InAs0799/InAs0799time3/InAs0799time3_1_188.tif,13024.0,
422.0,0.000301,./pilatus/InAs0799/InAs0799time3/InAs0799time3_1_189.tif,13083.0,
422.0,1.0,./pilatus/InAs0799/InAs0799time3/InAs0799time3_1_190.tif,12458.0,
429.0,0.000298,./pilatus/InAs0799/InAs0799time3/InAs0799time3_1_191.tif,12917.0,
430.0,0.000296,./pilatus/InAs0799/InAs0799time3/InAs0799time3_1_192.tif,12521.0,
431.0,0.000296,./pilatus/InAs0799/InAs0799time3/InAs0799time3_1_193.tif,12620.0,
432.0,1.0,./pilatus/InAs0799/InAs0799time3/InAs0799time3_1_194.tif,12416.0,
438.0,0.000293,./pilatus/InAs0799/InAs0799time3/InAs0799time3_1_195.tif,12911.0,
439.0,0.000292,./pilatus/InAs0799/InAs0799time3/InAs0799time3_1_196.tif,12902.0,
440.0,0.000292,./pilatus/InAs0799/InAs0799time3/InAs0799time3_1_197.tif,12908.0,
441.0,1.0,./pilatus/InAs0799/InAs0799time3/InAs0799time3_1_198.tif,12381.0,
447.0,0.000294,./pilatus/InAs0799/InAs0799time3/InAs0799time3_1_199.tif,12449.0,
448.0,0.000292,./pilatus/InAs0799/InAs0799time3/InAs0799time3_1_200.tif,12488.0,
449.0,0.000292,./pilatus/InAs0799/InAs0799time3/InAs0799time3_1_201.tif,13199.0,
450.0,0.000319,./pilatus/InAs0799/InAs0799time3/InAs0799time3_1_202.tif,12306.0,
455.0,0.000322,./pilatus/InAs0799/InAs0799time3/InAs0799time3_1_203.tif,13048.0,
456.0,0.000325,./pilatus/InAs0799/InAs0799time3/InAs0799time3_1_204.tif,12385.0,
457.0,0.000325,./pilatus/InAs0799/InAs0799time3/InAs0799time3_1_205.tif,12713.0,
458.0,1.0,./pilatus/InAs0799/InAs0799time3/InAs0799time3_1_206.tif,12410.0,
464.0,0.000348,./pilatus/InAs0799/InAs0799time3/InAs0799time3_1_207.tif,12724.0,
465.0,0.00035,./pilatus/InAs0799/InAs0799time3/InAs0799time3_1_208.tif,12909.0,
466.0,1.0,./pilatus/InAs0799/InAs0799time3/InAs0799time3_1_209.tif,11833.0,
472.0,0.000358,./pilatus/InAs0799/InAs0799time3/InAs0799time3_1_210.tif,13177.0,
473.0,0.000358,./pilatus/InAs0799/InAs0799time3/InAs0799time3_1_211.tif,12954.0,
474.0,1.0,./pilatus/InAs0799/InAs0799time3/InAs0799time3_1_212.tif,12268.0,
480.0,0.000362,./pilatus/InAs0799/InAs0799time3/InAs0799time3_1_213.tif,12955.0,
481.0,0.000362,./pilatus/InAs0799/InAs0799time3/InAs0799time3_1_214.tif,13156.0,
482.0,0.000362,./pilatus/InAs0799/InAs0799time3/InAs0799time3_1_215.tif,12848.0,
483.0,1.0,./pilatus/InAs0799/InAs0799time3/InAs0799time3_1_216.tif,12817.0,
489.0,0.000367,./pilatus/InAs0799/InAs0799time3/InAs0799time3_1_217.tif,13033.0,
490.0,0.000367,./pilatus/InAs0799/InAs0799time3/InAs0799time3_1_218.tif,12355.0,
491.0,0.000367,./pilatus/InAs0799/InAs0799time3/InAs0799time3_1_219.tif,12072.0,
492.0,0.000367,./pilatus/InAs0799/InAs0799time3/InAs0799time3_1_220.tif,12820.0,
494.0,0.000368,./pilatus/InAs0799/InAs0799time3/InAs0799time3_1_221.tif,12277.0,
495.0,0.000369,./pilatus/InAs0799/InAs0799time3/InAs0799time3_1_222.tif,11966.0,
496.0,0.000363,./pilatus/InAs0799/InAs0799time3/InAs0799time3_1_223.tif,12445.0,
496.0,0.000349,./pilatus/InAs0799/InAs0799time3/InAs0799time3_1_224.tif,12805.0,
497.0,0.000341,./pilatus/InAs0799/InAs0799time3/InAs0799time3_1_225.tif,12757.0,
498.0,0.000333,./pilatus/InAs0799/InAs0799time3/InAs0799time3_1_226.tif,12981.0,
499.0,0.000329,./pilatus/InAs0799/InAs0799time3/InAs0799time3_1_227.tif,13054.0,
500.0,1.0,./pilatus/InAs0799/InAs0799time3/InAs0799time3_1_228.tif,12803.0,
506.0,0.00031,./pilatus/InAs0799/InAs0799time3/InAs0799time3_1_229.tif,12022.0,
507.0,0.000308,./pilatus/InAs0799/InAs0799time3/InAs0799time3_1_230.tif,12195.0,
508.0,1.0,./pilatus/InAs0799/InAs0799time3/InAs0799time3_1_231.tif,11513.0,
515.0,0.0003,./pilatus/InAs0799/InAs0799time3/InAs0799time3_1_232.tif,12841.0,
515.0,0.000299,./pilatus/InAs0799/InAs0799time3/InAs0799time3_1_233.tif,12297.0,
516.0,0.000298,./pilatus/InAs0799/InAs0799time3/InAs0799time3_1_234.tif,12959.0,
517.0,1.0,./pilatus/InAs0799/InAs0799time3/InAs0799time3_1_235.tif,12600.0,
523.0,0.000292,./pilatus/InAs0799/InAs0799time3/InAs0799time3_1_236.tif,11965.0,
524.0,0.000292,./pilatus/InAs0799/InAs0799time3/InAs0799time3_1_237.tif,13025.0,
525.0,0.000294,./pilatus/InAs0799/InAs0799time3/InAs0799time3_1_238.tif,13101.0,
526.0,1.0,./pilatus/InAs0799/InAs0799time3/InAs0799time3_1_239.tif,12932.0,
532.0,0.000292,./pilatus/InAs0799/InAs0799time3/InAs0799time3_1_240.tif,12859.0,
533.0,0.000292,./pilatus/InAs0799/InAs0799time3/InAs0799time3_1_241.tif,12137.0,
534.0,1.0,./pilatus/InAs0799/InAs0799time3/InAs0799time3_1_242.tif,12286.0,
541.0,0.000292,./pilatus/InAs0799/InAs0799time3/InAs0799time3_1_243.tif,12353.0,
542.0,0.000292,./pilatus/InAs0799/InAs0799time3/InAs0799time3_1_244.tif,12238.0,
542.0,0.000292,./pilatus/InAs0799/InAs0799time3/InAs0799time3_1_245.tif,12815.0,
543.0,1.0,./pilatus/InAs0799/InAs0799time3/InAs0799time3_1_246.tif,13095.0,
550.0,0.000294,./pilatus/InAs0799/InAs0799time3/InAs0799time3_1_247.tif,12583.0,
551.0,1.0,./pilatus/InAs0799/InAs0799time3/InAs0799time3_1_248.tif,12168.0,
557.0,0.00032,./pilatus/InAs0799/InAs0799time3/InAs0799time3_1_249.tif,12146.0,
558.0,0.000325,./pilatus/InAs0799/InAs0799time3/InAs0799time3_1_250.tif,11902.0,
559.0,0.000327,./pilatus/InAs0799/InAs0799time3/InAs0799time3_1_251.tif,12735.0,
560.0,1.0,./pilatus/InAs0799/InAs0799time3/InAs0799time3_1_252.tif,12294.0,
566.0,0.000344,./pilatus/InAs0799/InAs0799time3/InAs0799time3_1_253.tif,12781.0,
567.0,0.000346,./pilatus/InAs0799/InAs0799time3/InAs0799time3_1_254.tif,12502.0,
568.0,1.0,./pilatus/InAs0799/InAs0799time3/InAs0799time3_1_255.tif,12711.0,
574.0,0.000352,./pilatus/InAs0799/InAs0799time3/InAs0799time3_1_256.tif,12750.0,
575.0,0.000354,./pilatus/InAs0799/InAs0799time3/InAs0799time3_1_257.tif,12595.0,
576.0,0.000355,./pilatus/InAs0799/InAs0799time3/InAs0799time3_1_258.tif,13037.0,
577.0,1.0,./pilatus/InAs0799/InAs0799time3/InAs0799time3_1_259.tif,13117.0,
583.0,0.000359,./pilatus/InAs0799/InAs0799time3/InAs0799time3_1_260.tif,12317.0,
584.0,0.00036,./pilatus/InAs0799/InAs0799time3/InAs0799time3_1_261.tif,12885.0,
585.0,0.000361,./pilatus/InAs0799/InAs0799time3/InAs0799time3_1_262.tif,12133.0,
586.0,1.0,./pilatus/InAs0799/InAs0799time3/InAs0799time3_1_263.tif,12978.0,
592.0,0.000365,./pilatus/InAs0799/InAs0799time3/InAs0799time3_1_264.tif,13286.0,
593.0,0.000365,./pilatus/InAs0799/InAs0799time3/InAs0799time3_1_265.tif,12794.0,
594.0,0.000363,./pilatus/InAs0799/InAs0799time3/InAs0799time3_1_266.tif,13200.0,
595.0,1.0,./pilatus/InAs0799/InAs0799time3/InAs0799time3_1_267.tif,12643.0,
601.0,0.000367,./pilatus/InAs0799/InAs0799time3/InAs0799time3_1_268.tif,12598.0,
602.0,0.000367,./pilatus/InAs0799/InAs0799time3/InAs0799time3_1_269.tif,12519.0,
603.0,0.000369,./pilatus/InAs0799/InAs0799time3/InAs0799time3_1_270.tif,12748.0,
604.0,0.000369,./pilatus/InAs0799/InAs0799time3/InAs0799time3_1_271.tif,12338.0,
607.0,0.000369,./pilatus/InAs0799/InAs0799time3/InAs0799time3_1_272.tif,12675.0,
608.0,0.00037,./pilatus/InAs0799/InAs0799time3/InAs0799time3_1_273.tif,12647.0,
609.0,0.000354,./pilatus/InAs0799/InAs0799time3/InAs0799time3_1_274.tif,12437.0,
610.0,0.000354,./pilatus/InAs0799/InAs0799time3/InAs0799time3_1_275.tif,12817.0,
611.0,0.000343,./pilatus/InAs0799/InAs0799time3/InAs0799time3_1_276.tif,12578.0,
612.0,1.0,./pilatus/InAs0799/InAs0799time3/InAs0799time3_1_277.tif,11479.0,
618.0,0.000313,./pilatus/InAs0799/InAs0799time3/InAs0799time3_1_278.tif,11926.0,
619.0,0.000312,./pilatus/InAs0799/InAs0799time3/InAs0799time3_1_279.tif,11966.0,
620.0,1.0,./pilatus/InAs0799/InAs0799time3/InAs0799time3_1_280.tif,12095.0,
626.0,0.0003,./pilatus/InAs0799/InAs0799time3/InAs0799time3_1_281.tif,12584.0,
627.0,0.0003,./pilatus/InAs0799/InAs0799time3/InAs0799time3_1_282.tif,12833.0,
628.0,0.000299,./pilatus/InAs0799/InAs0799time3/InAs0799time3_1_283.tif,13174.0,
629.0,1.0,./pilatus/InAs0799/InAs0799time3/InAs0799time3_1_284.tif,12247.0,
635.0,0.000292,./pilatus/InAs0799/InAs0799time3/InAs0799time3_1_285.tif,13034.0,
636.0,0.000294,./pilatus/InAs0799/InAs0799time3/InAs0799time3_1_286.tif,12816.0,
637.0,0.000294,./pilatus/InAs0799/InAs0799time3/InAs0799time3_1_287.tif,12645.0,
638.0,1.0,./pilatus/InAs0799/InAs0799time3/InAs0799time3_1_288.tif,12904.0,
644.0,0.000292,./pilatus/InAs0799/InAs0799time3/InAs0799time3_1_289.tif,12250.0,
645.0,0.00029,./pilatus/InAs0799/InAs0799time3/InAs0799time3_1_290.tif,12008.0,
646.0,0.00029,./pilatus/InAs0799/InAs0799time3/InAs0799time3_1_291.tif,12131.0,
647.0,1.0,./pilatus/InAs0799/InAs0799time3/InAs0799time3_1_292.tif,12245.0,
653.0,0.00029,./pilatus/InAs0799/InAs0799time3/InAs0799time3_1_293.tif,12736.0,
654.0,0.00029,./pilatus/InAs0799/InAs0799time3/InAs0799time3_1_294.tif,12982.0,
655.0,0.00029,./pilatus/InAs0799/InAs0799time3/InAs0799time3_1_295.tif,13072.0,
656.0,1.0,./pilatus/InAs0799/InAs0799time3/InAs0799time3_1_296.tif,12954.0,
662.0,0.00029,./pilatus/InAs0799/InAs0799time3/InAs0799time3_1_297.tif,12883.0,
663.0,0.000288,./pilatus/InAs0799/InAs0799time3/InAs0799time3_1_298.tif,12445.0,
664.0,0.00029,./pilatus/InAs0799/InAs0799time3/InAs0799time3_1_299.tif,12404.0,
665.0,1.0,./pilatus/InAs0799/InAs0799time3/InAs0799time3_1_300.tif,12663.0,
671.0,0.000288,./pilatus/InAs0799/InAs0799time3/InAs0799time3_1_301.tif,12710.0,
672.0,0.000288,./pilatus/InAs0799/InAs0799time3/InAs0799time3_1_302.tif,12338.0,
673.0,0.000288,./pilatus/InAs0799/InAs0799time3/InAs0799time3_1_303.tif,12484.0,
674.0,1.0,./pilatus/InAs0799/InAs0799time3/InAs0799time3_1_304.tif,12396.0,
680.0,0.000288,./pilatus/InAs0799/InAs0799time3/InAs0799time3_1_305.tif,12472.0,
681.0,0.000288,./pilatus/InAs0799/InAs0799time3/InAs0799time3_1_306.tif,12337.0,
682.0,0.000288,./pilatus/InAs0799/InAs0799time3/InAs0799time3_1_307.tif,13049.0,
683.0,1.0,./pilatus/InAs0799/InAs0799time3/InAs0799time3_1_308.tif,13055.0,
689.0,0.000288,./pilatus/InAs0799/InAs0799time3/InAs0799time3_1_309.tif,12941.0,
690.0,0.000288,./pilatus/InAs0799/InAs0799time3/InAs0799time3_1_310.tif,12959.0,
691.0,1.0,./pilatus/InAs0799/InAs0799time3/InAs0799time3_1_311.tif,12573.0,
697.0,0.000288,./pilatus/InAs0799/InAs0799time3/InAs0799time3_1_312.tif,12753.0,
698.0,0.000288,./pilatus/InAs0799/InAs0799time3/InAs0799time3_1_313.tif,12737.0,
699.0,0.00029,./pilatus/InAs0799/InAs0799time3/InAs0799time3_1_314.tif,12076.0,
700.0,1.0,./pilatus/InAs0799/InAs0799time3/InAs0799time3_1_315.tif,12794.0,
706.0,0.000287,./pilatus/InAs0799/InAs0799time3/InAs0799time3_1_316.tif,11973.0,
707.0,1.0,./pilatus/InAs0799/InAs0799time3/InAs0799time3_1_317.tif,12595.0,
713.0,0.000319,./pilatus/InAs0799/InAs0799time3/InAs0799time3_1_318.tif,12808.0,
714.0,0.000321,./pilatus/InAs0799/InAs0799time3/InAs0799time3_1_319.tif,12872.0,
715.0,0.000325,./pilatus/InAs0799/InAs0799time3/InAs0799time3_1_320.tif,12846.0,
716.0,1.0,./pilatus/InAs0799/InAs0799time3/InAs0799time3_1_321.tif,12717.0,
722.0,0.000338,./pilatus/InAs0799/InAs0799time3/InAs0799time3_1_322.tif,12990.0,
723.0,0.00034,./pilatus/InAs0799/InAs0799time3/InAs0799time3_1_323.tif,12759.0,
724.0,1.0,./pilatus/InAs0799/InAs0799time3/InAs0799time3_1_324.tif,13029.0,
731.0,0.000348,./pilatus/InAs0799/InAs0799time3/InAs0799time3_1_325.tif,12253.0,
731.0,0.00035,./pilatus/InAs0799/InAs0799time3/InAs0799time3_1_326.tif,12429.0,
732.0,1.0,./pilatus/InAs0799/InAs0799time3/InAs0799time3_1_327.tif,12283.0,
739.0,0.000355,./pilatus/InAs0799/InAs0799time3/InAs0799time3_1_328.tif,12838.0,
740.0,0.000356,./pilatus/InAs0799/InAs0799time3/InAs0799time3_1_329.tif,13047.0,
741.0,1.0,./pilatus/InAs0799/InAs0799time3/InAs0799time3_1_330.tif,12563.0,
747.0,0.00036,./pilatus/InAs0799/InAs0799time3/InAs0799time3_1_331.tif,12022.0,
748.0,0.00036,./pilatus/InAs0799/InAs0799time3/InAs0799time3_1_332.tif,12740.0,
749.0,0.000362,./pilatus/InAs0799/InAs0799time3/InAs0799time3_1_333.tif,12814.0,
750.0,1.0,./pilatus/InAs0799/InAs0799time3/InAs0799time3_1_334.tif,12909.0,
756.0,0.000364,./pilatus/InAs0799/InAs0799time3/InAs0799time3_1_335.tif,12720.0,
757.0,0.000365,./pilatus/InAs0799/InAs0799time3/InAs0799time3_1_336.tif,12890.0,
758.0,1.0,./pilatus/InAs0799/InAs0799time3/InAs0799time3_1_337.tif,12603.0,
764.0,0.000367,./pilatus/InAs0799/InAs0799time3/InAs0799time3_1_338.tif,12777.0,
765.0,0.000368,./pilatus/InAs0799/InAs0799time3/InAs0799time3_1_339.tif,12217.0,
766.0,0.000368,./pilatus/InAs0799/InAs0799time3/InAs0799time3_1_340.tif,12237.0,
767.0,1.0,./pilatus/InAs0799/InAs0799time3/InAs0799time3_1_341.tif,12773.0,
773.0,0.000369,./pilatus/InAs0799/InAs0799time3/InAs0799time3_1_342.tif,12465.0,
774.0,0.000369,./pilatus/InAs0799/InAs0799time3/InAs0799time3_1_343.tif,12507.0,
775.0,0.000369,./pilatus/InAs0799/InAs0799time3/InAs0799time3_1_344.tif,11774.0,
776.0,1.0,./pilatus/InAs0799/InAs0799time3/InAs0799time3_1_345.tif,12935.0,
782.0,0.000371,./pilatus/InAs0799/InAs0799time3/InAs0799time3_1_346.tif,10911.0,
783.0,0.000371,./pilatus/InAs0799/InAs0799time3/InAs0799time3_1_347.tif,11832.0,
784.0,0.000371,./pilatus/InAs0799/InAs0799time3/InAs0799time3_1_348.tif,12269.0,
785.0,1.0,./pilatus/InAs0799/InAs0799time3/InAs0799time3_1_349.tif,10220.0,
791.0,0.000373,./pilatus/InAs0799/InAs0799time3/InAs0799time3_1_350.tif,12206.0,
792.0,0.000373,./pilatus/InAs0799/InAs0799time3/InAs0799time3_1_351.tif,11930.0,
793.0,1.0,./pilatus/InAs0799/InAs0799time3/InAs0799time3_1_352.tif,11812.0,
799.0,0.000371,./pilatus/InAs0799/InAs0799time3/InAs0799time3_1_353.tif,11967.0,
800.0,0.000371,./pilatus/InAs0799/InAs0799time3/InAs0799time3_1_354.tif,12237.0,
801.0,0.000371,./pilatus/InAs0799/InAs0799time3/InAs0799time3_1_355.tif,12342.0,
802.0,1.0,./pilatus/InAs0799/InAs0799time3/InAs0799time3_1_356.tif,12594.0,
808.0,0.000374,./pilatus/InAs0799/InAs0799time3/InAs0799time3_1_357.tif,11891.0,
809.0,0.000374,./pilatus/InAs0799/InAs0799time3/InAs0799time3_1_358.tif,11714.0,
810.0,0.000375,./pilatus/InAs0799/InAs0799time3/InAs0799time3_1_359.tif,12869.0,
811.0,1.0,./pilatus/InAs0799/InAs0799time3/InAs0799time3_1_360.tif,12786.0,
817.0,0.000374,./pilatus/InAs0799/InAs0799time3/InAs0799time3_1_361.tif,12390.0,
818.0,0.000375,./pilatus/InAs0799/InAs0799time3/InAs0799time3_1_362.tif,10752.0,
819.0,0.000375,./pilatus/InAs0799/InAs0799time3/InAs0799time3_1_363.tif,11615.0,
820.0,1.0,./pilatus/InAs0799/InAs0799time3/InAs0799time3_1_364.tif,12226.0,
826.0,0.000378,./pilatus/InAs0799/InAs0799time3/InAs0799time3_1_365.tif,12746.0,
827.0,0.000379,./pilatus/InAs0799/InAs0799time3/InAs0799time3_1_366.tif,13109.0,
828.0,0.000377,./pilatus/InAs0799/InAs0799time3/InAs0799time3_1_367.tif,12457.0,
829.0,1.0,./pilatus/InAs0799/InAs0799time3/InAs0799time3_1_368.tif,13218.0,
835.0,0.000377,./pilatus/InAs0799/InAs0799time3/InAs0799time3_1_369.tif,12909.0,
836.0,0.000377,./pilatus/InAs0799/InAs0799time3/InAs0799time3_1_370.tif,12776.0,
837.0,0.000377,./pilatus/InAs0799/InAs0799time3/InAs0799time3_1_371.tif,11562.0,
838.0,0.000377,./pilatus/InAs0799/InAs0799time3/InAs0799time3_1_372.tif,12685.0,
843.0,0.000377,./pilatus/InAs0799/InAs0799time3/InAs0799time3_1_373.tif,12155.0,
844.0,0.000375,./pilatus/InAs0799/InAs0799time3/InAs0799time3_1_374.tif,12403.0,
845.0,1.0,./pilatus/InAs0799/InAs0799time3/InAs0799time3_1_375.tif,13033.0,
851.0,0.000323,./pilatus/InAs0799/InAs0799time3/InAs0799time3_1_376.tif,13046.0,
852.0,0.000321,./pilatus/InAs0799/InAs0799time3/InAs0799time3_1_377.tif,12292.0,
853.0,0.000319,./pilatus/InAs0799/InAs0799time3/InAs0799time3_1_378.tif,11975.0,
854.0,1.0,./pilatus/InAs0799/InAs0799time3/InAs0799time3_1_379.tif,12666.0,
860.0,0.000305,./pilatus/InAs0799/InAs0799time3/InAs0799time3_1_380.tif,12809.0,
861.0,1.0,./pilatus/InAs0799/InAs0799time3/InAs0799time3_1_381.tif,12582.0,
868.0,0.000168,./pilatus/InAs0799/InAs0799time3/InAs0799time3_1_382.tif,12995.0,
869.0,0.00016,./pilatus/InAs0799/InAs0799time3/InAs0799time3_1_383.tif,12621.0,
870.0,0.000155,./pilatus/InAs0799/InAs0799time3/InAs0799time3_1_384.tif,13080.0,
871.0,0.000144,./pilatus/InAs0799/InAs0799time3/InAs0799time3_1_385.tif,12428.0,
874.0,0.000143,./pilatus/InAs0799/InAs0799time3/InAs0799time3_1_386.tif,13021.0,
875.0,0.000141,./pilatus/InAs0799/InAs0799time3/InAs0799time3_1_387.tif,12728.0,
876.0,0.000186,./pilatus/InAs0799/InAs0799time3/InAs0799time3_1_388.tif,12050.0,
877.0,0.000225,./pilatus/InAs0799/InAs0799time3/InAs0799time3_1_389.tif,12333.0,
878.0,0.000243,./pilatus/InAs0799/InAs0799time3/InAs0799time3_1_390.tif,12698.0,
879.0,1.0,./pilatus/InAs0799/InAs0799time3/InAs0799time3_1_391.tif,12896.0,
885.0,0.000279,./pilatus/InAs0799/InAs0799time3/InAs0799time3_1_392.tif,11871.0,
886.0,0.000279,./pilatus/InAs0799/InAs0799time3/InAs0799time3_1_393.tif,12454.0,
887.0,0.00028,./pilatus/InAs0799/InAs0799time3/InAs0799time3_1_394.tif,12463.0,
888.0,1.0,./pilatus/InAs0799/InAs0799time3/InAs0799time3_1_395.tif,12977.0,
894.0,0.000286,./pilatus/InAs0799/InAs0799time3/InAs0799time3_1_396.tif,12222.0,
895.0,1.0,./pilatus/InAs0799/InAs0799time3/InAs0799time3_1_397.tif,11715.0,
902.0,0.000157,./pilatus/InAs0799/InAs0799time3/InAs0799time3_1_398.tif,12576.0,
902.0,0.000152,./pilatus/InAs0799/InAs0799time3/InAs0799time3_1_399.tif,11822.0,
903.0,0.000148,./pilatus/InAs0799/InAs0799time3/InAs0799time3_1_400.tif,12552.0,
904.0,0.000138,./pilatus/InAs0799/InAs0799time3/InAs0799time3_1_401.tif,12972.0,
908.0,0.000138,./pilatus/InAs0799/InAs0799time3/InAs0799time3_1_402.tif,11810.0,
909.0,0.000136,./pilatus/InAs0799/InAs0799time3/InAs0799time3_1_403.tif,12726.0,
910.0,0.000165,./pilatus/InAs0799/InAs0799time3/InAs0799time3_1_404.tif,12843.0,
911.0,0.000223,./pilatus/InAs0799/InAs0799time3/InAs0799time3_1_405.tif,12894.0,
912.0,0.000283,./pilatus/InAs0799/InAs0799time3/InAs0799time3_1_406.tif,12621.0,
913.0,1.0,./pilatus/InAs0799/InAs0799time3/InAs0799time3_1_407.tif,12362.0,
919.0,0.000273,./pilatus/InAs0799/InAs0799time3/InAs0799time3_1_408.tif,12525.0,
920.0,0.000275,./pilatus/InAs0799/InAs0799time3/InAs0799time3_1_409.tif,12473.0,
921.0,0.000277,./pilatus/InAs0799/InAs0799time3/InAs0799time3_1_410.tif,11914.0,
922.0,1.0,./pilatus/InAs0799/InAs0799time3/InAs0799time3_1_411.tif,12510.0,
928.0,0.000282,./pilatus/InAs0799/InAs0799time3/InAs0799time3_1_412.tif,12933.0,
929.0,0.000282,./pilatus/InAs0799/InAs0799time3/InAs0799time3_1_413.tif,12745.0,
930.0,1.0,./pilatus/InAs0799/InAs0799time3/InAs0799time3_1_414.tif,12607.0,
936.0,0.000284,./pilatus/InAs0799/InAs0799time3/InAs0799time3_1_415.tif,13059.0,
937.0,0.000285,./pilatus/InAs0799/InAs0799time3/InAs0799time3_1_416.tif,12988.0,
938.0,0.000285,./pilatus/InAs0799/InAs0799time3/InAs0799time3_1_417.tif,12982.0,
939.0,1.0,./pilatus/InAs0799/InAs0799time3/InAs0799time3_1_418.tif,12998.0,
945.0,0.000284,./pilatus/InAs0799/InAs0799time3/InAs0799time3_1_419.tif,12528.0,
946.0,0.000285,./pilatus/InAs0799/InAs0799time3/InAs0799time3_1_420.tif,12562.0,
947.0,0.000287,./pilatus/InAs0799/InAs0799time3/InAs0799time3_1_421.tif,12300.0,
948.0,1.0,./pilatus/InAs0799/InAs0799time3/InAs0799time3_1_422.tif,12804.0,
954.0,0.000287,./pilatus/InAs0799/InAs0799time3/InAs0799time3_1_423.tif,12299.0,
955.0,0.000285,./pilatus/InAs0799/InAs0799time3/InAs0799time3_1_424.tif,11997.0,
956.0,0.000285,./pilatus/InAs0799/InAs0799time3/InAs0799time3_1_425.tif,12214.0,
957.0,1.0,./pilatus/InAs0799/InAs0799time3/InAs0799time3_1_426.tif,11913.0,
963.0,0.000287,./pilatus/InAs0799/InAs0799time3/InAs0799time3_1_427.tif,13027.0,
964.0,0.000287,./pilatus/InAs0799/InAs0799time3/InAs0799time3_1_428.tif,12651.0,
965.0,0.000287,./pilatus/InAs0799/InAs0799time3/InAs0799time3_1_429.tif,12904.0,
966.0,1.0,./pilatus/InAs0799/InAs0799time3/InAs0799time3_1_430.tif,12452.0,
972.0,0.000288,./pilatus/InAs0799/InAs0799time3/InAs0799time3_1_431.tif,12755.0,
973.0,0.000288,./pilatus/InAs0799/InAs0799time3/InAs0799time3_1_432.tif,12689.0,
974.0,0.000288,./pilatus/InAs0799/InAs0799time3/InAs0799time3_1_433.tif,12546.0,
975.0,1.0,./pilatus/InAs0799/InAs0799time3/InAs0799time3_1_434.tif,12106.0,
981.0,0.000289,./pilatus/InAs0799/InAs0799time3/InAs0799time3_1_435.tif,12456.0,
982.0,0.000288,./pilatus/InAs0799/InAs0799time3/InAs0799time3_1_436.tif,12649.0,
983.0,0.000288,./pilatus/InAs0799/InAs0799time3/InAs0799time3_1_437.tif,12805.0,
984.0,0.00029,./pilatus/InAs0799/InAs0799time3/InAs0799time3_1_438.tif,11898.0,
986.0,0.000288,./pilatus/InAs0799/InAs0799time3/InAs0799time3_1_439.tif,12588.0,
987.0,0.000281,./pilatus/InAs0799/InAs0799time3/InAs0799time3_1_440.tif,12290.0,
988.0,0.000221,./pilatus/InAs0799/InAs0799time3/InAs0799time3_1_441.tif,12945.0,
988.0,0.000193,./pilatus/InAs0799/InAs0799time3/InAs0799time3_1_442.tif,12859.0,
989.0,0.000175,./pilatus/InAs0799/InAs0799time3/InAs0799time3_1_443.tif,12759.0,
990.0,0.000165,./pilatus/InAs0799/InAs0799time3/InAs0799time3_1_444.tif,12690.0,
991.0,0.000157,./pilatus/InAs0799/InAs0799time3/InAs0799time3_1_445.tif,13063.0,
992.0,1.0,./pilatus/InAs0799/InAs0799time3/InAs0799time3_1_446.tif,13208.0,
998.0,0.000134,./pilatus/InAs0799/InAs0799time3/InAs0799time3_1_447.tif,12788.0,
999.0,1.0,./pilatus/InAs0799/InAs0799time3/InAs0799time3_1_448.tif,12961.0,
1005.0,0.00025,./pilatus/InAs0799/InAs0799time3/InAs0799time3_1_449.tif,12365.0,
1006.0,0.000257,./pilatus/InAs0799/InAs0799time3/InAs0799time3_1_450.tif,12962.0,
1007.0,0.000262,./pilatus/InAs0799/InAs0799time3/InAs0799time3_1_451.tif,12597.0,
1008.0,1.0,./pilatus/InAs0799/InAs0799time3/InAs0799time3_1_452.tif,12381.0,
1014.0,0.000276,./pilatus/InAs0799/InAs0799time3/InAs0799time3_1_453.tif,12892.0,
1015.0,0.000277,./pilatus/InAs0799/InAs0799time3/InAs0799time3_1_454.tif,12660.0,
1016.0,1.0,./pilatus/InAs0799/InAs0799time3/InAs0799time3_1_455.tif,12857.0,
1023.0,0.000283,./pilatus/InAs0799/InAs0799time3/InAs0799time3_1_456.tif,12690.0,
1024.0,0.000282,./pilatus/InAs0799/InAs0799time3/InAs0799time3_1_457.tif,12679.0,
1024.0,1.0,./pilatus/InAs0799/InAs0799time3/InAs0799time3_1_458.tif,12470.0,
1031.0,0.000286,./pilatus/InAs0799/InAs0799time3/InAs0799time3_1_459.tif,13049.0,
1032.0,0.000284,./pilatus/InAs0799/InAs0799time3/InAs0799time3_1_460.tif,13058.0,
1033.0,0.000285,./pilatus/InAs0799/InAs0799time3/InAs0799time3_1_461.tif,12599.0,
1034.0,1.0,./pilatus/InAs0799/InAs0799time3/InAs0799time3_1_462.tif,12655.0,
1040.0,0.000285,./pilatus/InAs0799/InAs0799time3/InAs0799time3_1_463.tif,11869.0,
1041.0,0.000285,./pilatus/InAs0799/InAs0799time3/InAs0799time3_1_464.tif,12200.0,
1042.0,0.000285,./pilatus/InAs0799/InAs0799time3/InAs0799time3_1_465.tif,12117.0,
1043.0,1.0,./pilatus/InAs0799/InAs0799time3/InAs0799time3_1_466.tif,12431.0,
1049.0,0.000285,./pilatus/InAs0799/InAs0799time3/InAs0799time3_1_467.tif,12281.0,
1050.0,0.000285,./pilatus/InAs0799/InAs0799time3/InAs0799time3_1_468.tif,12033.0,
1051.0,0.000285,./pilatus/InAs0799/InAs0799time3/InAs0799time3_1_469.tif,12241.0,
1052.0,1.0,./pilatus/InAs0799/InAs0799time3/InAs0799time3_1_470.tif,12113.0,
1058.0,0.000285,./pilatus/InAs0799/InAs0799time3/InAs0799time3_1_471.tif,12804.0,
1059.0,0.000285,./pilatus/InAs0799/InAs0799time3/InAs0799time3_1_472.tif,12378.0,
1060.0,0.000284,./pilatus/InAs0799/InAs0799time3/InAs0799time3_1_473.tif,12637.0,
1061.0,1.0,./pilatus/InAs0799/InAs0799time3/InAs0799time3_1_474.tif,12559.0,
1067.0,0.000288,./pilatus/InAs0799/InAs0799time3/InAs0799time3_1_475.tif,12308.0,
1068.0,0.000288,./pilatus/InAs0799/InAs0799time3/InAs0799time3_1_476.tif,12827.0,
1069.0,1.0,./pilatus/InAs0799/InAs0799time3/InAs0799time3_1_477.tif,13176.0,
1075.0,0.000286,./pilatus/InAs0799/InAs0799time3/InAs0799time3_1_478.tif,11903.0,
1076.0,0.000287,./pilatus/InAs0799/InAs0799time3/InAs0799time3_1_479.tif,11837.0,
1077.0,0.000288,./pilatus/InAs0799/InAs0799time3/InAs0799time3_1_480.tif,12613.0,
1078.0,1.0,./pilatus/InAs0799/InAs0799time3/InAs0799time3_1_481.tif,9695.0,
1084.0,0.000288,./pilatus/InAs0799/InAs0799time3/InAs0799time3_1_482.tif,12174.0,
1085.0,0.000287,./pilatus/InAs0799/InAs0799time3/InAs0799time3_1_483.tif,12443.0,
1086.0,0.000287,./pilatus/InAs0799/InAs0799time3/InAs0799time3_1_484.tif,12611.0,
1087.0,1.0,./pilatus/InAs0799/InAs0799time3/InAs0799time3_1_485.tif,12541.0,
1093.0,0.000285,./pilatus/InAs0799/InAs0799time3/InAs0799time3_1_486.tif,12870.0,
1094.0,0.000286,./pilatus/InAs0799/InAs0799time3/InAs0799time3_1_487.tif,12444.0,
1095.0,0.000287,./pilatus/InAs0799/InAs0799time3/InAs0799time3_1_488.tif,12423.0,
1096.0,1.0,./pilatus/InAs0799/InAs0799time3/InAs0799time3_1_489.tif,12753.0,
1102.0,0.00029,./pilatus/InAs0799/InAs0799time3/InAs0799time3_1_490.tif,12043.0,
1103.0,0.000288,./pilatus/InAs0799/InAs0799time3/InAs0799time3_1_491.tif,12687.0,
1104.0,0.000287,./pilatus/InAs0799/InAs0799time3/InAs0799time3_1_492.tif,11975.0,
1105.0,0.000288,./pilatus/InAs0799/InAs0799time3/InAs0799time3_1_493.tif,12269.0,
1105.0,0.000288,./pilatus/InAs0799/InAs0799time3/InAs0799time3_1_494.tif,11804.0,
1106.0,0.000266,./pilatus/InAs0799/InAs0799time3/InAs0799time3_1_495.tif,12587.0,
1107.0,0.000209,./pilatus/InAs0799/InAs0799time3/InAs0799time3_1_496.tif,12507.0,
1108.0,0.000166,./pilatus/InAs0799/InAs0799time3/InAs0799time3_1_497.tif,12319.0,
1111.0,0.000159,./pilatus/InAs0799/InAs0799time3/InAs0799time3_1_498.tif,11876.0,
1111.0,0.000155,./pilatus/InAs0799/InAs0799time3/InAs0799time3_1_499.tif,12651.0,
1112.0,1.0,./pilatus/InAs0799/InAs0799time3/InAs0799time3_1_500.tif,12486.0,
1119.0,0.000131,./pilatus/InAs0799/InAs0799time3/InAs0799time3_1_501.tif,11792.0,
1120.0,0.000128,./pilatus/InAs0799/InAs0799time3/InAs0799time3_1_502.tif,12260.0,
1121.0,1.0,./pilatus/InAs0799/InAs0799time3/InAs0799time3_1_503.tif,12600.0,
1127.0,0.000122,./pilatus/InAs0799/InAs0799time3/InAs0799time3_1_504.tif,12300.0,
1128.0,0.000122,./pilatus/InAs0799/InAs0799time3/InAs0799time3_1_505.tif,12572.0,
1129.0,0.000119,./pilatus/InAs0799/InAs0799time3/InAs0799time3_1_506.tif,11529.0,
1134.0,0.000119,./pilatus/InAs0799/InAs0799time3/InAs0799time3_1_507.tif,12422.0,
1135.0,0.000118,./pilatus/InAs0799/InAs0799time3/InAs0799time3_1_508.tif,12489.0,
1136.0,1.0,./pilatus/InAs0799/InAs0799time3/InAs0799time3_1_509.tif,12626.0,
1142.0,0.000254,./pilatus/InAs0799/InAs0799time3/InAs0799time3_1_510.tif,12051.0,
1143.0,0.000258,./pilatus/InAs0799/InAs0799time3/InAs0799time3_1_511.tif,12054.0,
1144.0,0.000258,./pilatus/InAs0799/InAs0799time3/InAs0799time3_1_512.tif,10923.0,
1145.0,1.0,./pilatus/InAs0799/InAs0799time3/InAs0799time3_1_513.tif,12196.0,
1151.0,0.000275,./pilatus/InAs0799/InAs0799time3/InAs0799time3_1_514.tif,11569.0,
1152.0,0.000275,./pilatus/InAs0799/InAs0799time3/InAs0799time3_1_515.tif,11403.0,
1153.0,0.000275,./pilatus/InAs0799/InAs0799time3/InAs0799time3_1_516.tif,12957.0,
1154.0,0.000274,./pilatus/InAs0799/InAs0799time3/InAs0799time3_1_517.tif,12561.0,
1155.0,0.000276,./pilatus/InAs0799/InAs0799time3/InAs0799time3_1_518.tif,11475.0,
1156.0,0.000254,./pilatus/InAs0799/InAs0799time3/InAs0799time3_1_519.tif,11945.0,
1157.0,0.0002,./pilatus/InAs0799/InAs0799time3/InAs0799time3_1_520.tif,12218.0,
1158.0,0.000161,./pilatus/InAs0799/InAs0799time3/InAs0799time3_1_521.tif,12481.0,
1160.0,0.000152,./pilatus/InAs0799/InAs0799time3/InAs0799time3_1_522.tif,12758.0,
1161.0,0.000148,./pilatus/InAs0799/InAs0799time3/InAs0799time3_1_523.tif,12562.0,
1162.0,1.0,./pilatus/InAs0799/InAs0799time3/InAs0799time3_1_524.tif,12249.0,
1169.0,0.000127,./pilatus/InAs0799/InAs0799time3/InAs0799time3_1_525.tif,12824.0,
1170.0,0.000126,./pilatus/InAs0799/InAs0799time3/InAs0799time3_1_526.tif,12765.0,
1170.0,0.000125,./pilatus/InAs0799/InAs0799time3/InAs0799time3_1_527.tif,12516.0,
1171.0,1.0,./pilatus/InAs0799/InAs0799time3/InAs0799time3_1_528.tif,12941.0,
1178.0,0.000121,./pilatus/InAs0799/InAs0799time3/InAs0799time3_1_529.tif,12568.0,
1178.0,0.000121,./pilatus/InAs0799/InAs0799time3/InAs0799time3_1_530.tif,11827.0,
1179.0,0.00012,./pilatus/InAs0799/InAs0799time3/InAs0799time3_1_531.tif,11517.0,
1180.0,0.00012,./pilatus/InAs0799/InAs0799time3/InAs0799time3_1_532.tif,12069.0,
1182.0,0.00012,./pilatus/InAs0799/InAs0799time3/InAs0799time3_1_533.tif,12413.0,
1183.0,0.00012,./pilatus/InAs0799/InAs0799time3/InAs0799time3_1_534.tif,11812.0,
1183.0,0.000171,./pilatus/InAs0799/InAs0799time3/InAs0799time3_1_535.tif,12560.0,
1184.0,0.000223,./pilatus/InAs0799/InAs0799time3/InAs0799time3_1_536.tif,12607.0,
1187.0,0.000233,./pilatus/InAs0799/InAs0799time3/InAs0799time3_1_537.tif,12264.0,
1188.0,0.00024,./pilatus/InAs0799/InAs0799time3/InAs0799time3_1_538.tif,12834.0,
1189.0,0.000248,./pilatus/InAs0799/InAs0799time3/InAs0799time3_1_539.tif,12972.0,
1190.0,1.0,./pilatus/InAs0799/InAs0799time3/InAs0799time3_1_540.tif,12986.0,
1196.0,0.000267,./pilatus/InAs0799/InAs0799time3/InAs0799time3_1_541.tif,12494.0,
1197.0,0.00027,./pilatus/InAs0799/InAs0799time3/InAs0799time3_1_542.tif,12123.0,
1198.0,0.000271,./pilatus/InAs0799/InAs0799time3/InAs0799time3_1_543.tif,12491.0,
1199.0,1.0,./pilatus/InAs0799/InAs0799time3/InAs0799time3_1_544.tif,12398.0,
1205.0,0.000279,./pilatus/InAs0799/InAs0799time3/InAs0799time3_1_545.tif,12772.0,
1206.0,0.000281,./pilatus/InAs0799/InAs0799time3/InAs0799time3_1_546.tif,12257.0,
1207.0,0.00028,./pilatus/InAs0799/InAs0799time3/InAs0799time3_1_547.tif,11993.0,
1208.0,1.0,./pilatus/InAs0799/InAs0799time3/InAs0799time3_1_548.tif,11727.0,
1214.0,0.000279,./pilatus/InAs0799/InAs0799time3/InAs0799time3_1_549.tif,12355.0,
1215.0,0.000281,./pilatus/InAs0799/InAs0799time3/InAs0799time3_1_550.tif,12861.0,
1216.0,1.0,./pilatus/InAs0799/InAs0799time3/InAs0799time3_1_551.tif,12823.0,
1222.0,0.000282,./pilatus/InAs0799/InAs0799time3/InAs0799time3_1_552.tif,11748.0,
1223.0,0.000283,./pilatus/InAs0799/InAs0799time3/InAs0799time3_1_553.tif,11990.0,
1224.0,0.000283,./pilatus/InAs0799/InAs0799time3/InAs0799time3_1_554.tif,11720.0,
1225.0,1.0,./pilatus/InAs0799/InAs0799time3/InAs0799time3_1_555.tif,12036.0,
1231.0,0.000283,./pilatus/InAs0799/InAs0799time3/InAs0799time3_1_556.tif,13049.0,
1232.0,0.000283,./pilatus/InAs0799/InAs0799time3/InAs0799time3_1_557.tif,12435.0,
1233.0,0.000283,./pilatus/InAs0799/InAs0799time3/InAs0799time3_1_558.tif,12919.0,
1234.0,1.0,./pilatus/InAs0799/InAs0799time3/InAs0799time3_1_559.tif,12668.0,
1240.0,0.000283,./pilatus/InAs0799/InAs0799time3/InAs0799time3_1_560.tif,12670.0,
1241.0,0.000283,./pilatus/InAs0799/InAs0799time3/InAs0799time3_1_561.tif,12427.0,
1242.0,0.000283,./pilatus/InAs0799/InAs0799time3/InAs0799time3_1_562.tif,12218.0,
1243.0,1.0,./pilatus/InAs0799/InAs0799time3/InAs0799time3_1_563.tif,11856.0,
1249.0,0.000291,./pilatus/InAs0799/InAs0799time3/InAs0799time3_1_564.tif,13072.0,
1250.0,0.000292,./pilatus/InAs0799/InAs0799time3/InAs0799time3_1_565.tif,12850.0,
1251.0,1.0,./pilatus/InAs0799/InAs0799time3/InAs0799time3_1_566.tif,12888.0,
1257.0,0.000292,./pilatus/InAs0799/InAs0799time3/InAs0799time3_1_567.tif,12504.0,
1258.0,0.000294,./pilatus/InAs0799/InAs0799time3/InAs0799time3_1_568.tif,12259.0,
1259.0,0.000292,./pilatus/InAs0799/InAs0799time3/InAs0799time3_1_569.tif,12346.0,
1260.0,1.0,./pilatus/InAs0799/InAs0799time3/InAs0799time3_1_570.tif,13118.0,
1266.0,0.000291,./pilatus/InAs0799/InAs0799time3/InAs0799time3_1_571.tif,12484.0,
1267.0,0.000291,./pilatus/InAs0799/InAs0799time3/InAs0799time3_1_572.tif,12797.0,
1268.0,0.000288,./pilatus/InAs0799/InAs0799time3/InAs0799time3_1_573.tif,12439.0,
1269.0,1.0,./pilatus/InAs0799/InAs0799time3/InAs0799time3_1_574.tif,12780.0,
1275.0,0.000287,./pilatus/InAs0799/InAs0799time3/InAs0799time3_1_575.tif,11504.0,
1276.0,0.000287,./pilatus/InAs0799/InAs0799time3/InAs0799time3_1_576.tif,11440.0,
1277.0,0.000285,./pilatus/InAs0799/InAs0799time3/InAs0799time3_1_577.tif,12507.0,
1278.0,1.0,./pilatus/InAs0799/InAs0799time3/InAs0799time3_1_578.tif,12897.0,
1284.0,0.000285,./pilatus/InAs0799/InAs0799time3/InAs0799time3_1_579.tif,12653.0,
1285.0,0.000285,./pilatus/InAs0799/InAs0799time3/InAs0799time3_1_580.tif,12362.0,
1286.0,0.000285,./pilatus/InAs0799/InAs0799time3/InAs0799time3_1_581.tif,12162.0,
1287.0,1.0,./pilatus/InAs0799/InAs0799time3/InAs0799time3_1_582.tif,11900.0,
1293.0,0.000285,./pilatus/InAs0799/InAs0799time3/InAs0799time3_1_583.tif,12803.0,
1294.0,0.000285,./pilatus/InAs0799/InAs0799time3/InAs0799time3_1_584.tif,12418.0,
1295.0,1.0,./pilatus/InAs0799/InAs0799time3/InAs0799time3_1_585.tif,12430.0,
1301.0,0.000288,./pilatus/InAs0799/InAs0799time3/InAs0799time3_1_586.tif,12609.0,
1302.0,0.000288,./pilatus/InAs0799/InAs0799time3/InAs0799time3_1_587.tif,12442.0,
1303.0,0.000287,./pilatus/InAs0799/InAs0799time3/InAs0799time3_1_588.tif,12606.0,
1304.0,1.0,./pilatus/InAs0799/InAs0799time3/InAs0799time3_1_589.tif,12129.0,
1310.0,0.000285,./pilatus/InAs0799/InAs0799time3/InAs0799time3_1_590.tif,11453.0,
1311.0,0.000286,./pilatus/InAs0799/InAs0799time3/InAs0799time3_1_591.tif,11895.0,
1312.0,0.000285,./pilatus/InAs0799/InAs0799time3/InAs0799time3_1_592.tif,12122.0,
1313.0,1.0,./pilatus/InAs0799/InAs0799time3/InAs0799time3_1_593.tif,12898.0,
1319.0,0.000283,./pilatus/InAs0799/InAs0799time3/InAs0799time3_1_594.tif,12206.0,
1320.0,0.000283,./pilatus/InAs0799/InAs0799time3/InAs0799time3_1_595.tif,12028.0,
1321.0,0.000283,./pilatus/InAs0799/InAs0799time3/InAs0799time3_1_596.tif,12893.0,
1322.0,1.0,./pilatus/InAs0799/InAs0799time3/InAs0799time3_1_597.tif,13046.0,
1328.0,0.000282,./pilatus/InAs0799/InAs0799time3/InAs0799time3_1_598.tif,13113.0,
1329.0,0.000283,./pilatus/InAs0799/InAs0799time3/InAs0799time3_1_599.tif,12867.0,
1330.0,0.000283,./pilatus/InAs0799/InAs0799time3/InAs0799time3_1_600.tif,12066.0,
1331.0,1.0,./pilatus/InAs0799/InAs0799time3/InAs0799time3_1_601.tif,12800.0,
1337.0,0.000283,./pilatus/InAs0799/InAs0799time3/InAs0799time3_1_602.tif,13053.0,
1338.0,0.000283,./pilatus/InAs0799/InAs0799time3/InAs0799time3_1_603.tif,12897.0,
1339.0,0.000283,./pilatus/InAs0799/InAs0799time3/InAs0799time3_1_604.tif,12768.0,
1340.0,1.0,./pilatus/InAs0799/InAs0799time3/InAs0799time3_1_605.tif,13042.0,
1346.0,0.000282,./pilatus/InAs0799/InAs0799time3/InAs0799time3_1_606.tif,12777.0,
1347.0,0.000283,./pilatus/InAs0799/InAs0799time3/InAs0799time3_1_607.tif,12257.0,
1348.0,0.000282,./pilatus/InAs0799/InAs0799time3/InAs0799time3_1_608.tif,12933.0,
1349.0,1.0,./pilatus/InAs0799/InAs0799time3/InAs0799time3_1_609.tif,12635.0,
1355.0,0.000283,./pilatus/InAs0799/InAs0799time3/InAs0799time3_1_610.tif,12720.0,
1356.0,0.000282,./pilatus/InAs0799/InAs0799time3/InAs0799time3_1_611.tif,12528.0,
1357.0,0.000281,./pilatus/InAs0799/InAs0799time3/InAs0799time3_1_612.tif,12140.0,
1358.0,1.0,./pilatus/InAs0799/InAs0799time3/InAs0799time3_1_613.tif,12537.0,
1364.0,0.000285,./pilatus/InAs0799/InAs0799time3/InAs0799time3_1_614.tif,12531.0,
1365.0,0.000286,./pilatus/InAs0799/InAs0799time3/InAs0799time3_1_615.tif,12938.0,
1366.0,0.000284,./pilatus/InAs0799/InAs0799time3/InAs0799time3_1_616.tif,13020.0,
1367.0,1.0,./pilatus/InAs0799/InAs0799time3/InAs0799time3_1_617.tif,12832.0,
1373.0,0.000283,./pilatus/InAs0799/InAs0799time3/InAs0799time3_1_618.tif,12227.0,
1374.0,0.000283,./pilatus/InAs0799/InAs0799time3/InAs0799time3_1_619.tif,12406.0,
1375.0,0.000285,./pilatus/InAs0799/InAs0799time3/InAs0799time3_1_620.tif,12188.0,
1376.0,1.0,./pilatus/InAs0799/InAs0799time3/InAs0799time3_1_621.tif,12635.0,
1382.0,0.000283,./pilatus/InAs0799/InAs0799time3/InAs0799time3_1_622.tif,12266.0,
1383.0,0.000283,./pilatus/InAs0799/InAs0799time3/InAs0799time3_1_623.tif,12609.0,
1384.0,0.000283,./pilatus/InAs0799/InAs0799time3/InAs0799time3_1_624.tif,12820.0,
1385.0,1.0,./pilatus/InAs0799/InAs0799time3/InAs0799time3_1_625.tif,12994.0,
1391.0,0.000283,./pilatus/InAs0799/InAs0799time3/InAs0799time3_1_626.tif,12936.0,
1392.0,0.000282,./pilatus/InAs0799/InAs0799time3/InAs0799time3_1_627.tif,13028.0,
1393.0,0.000283,./pilatus/InAs0799/InAs0799time3/InAs0799time3_1_628.tif,12892.0,
1394.0,1.0,./pilatus/InAs0799/InAs0799time3/InAs0799time3_1_629.tif,12919.0,
1400.0,0.000283,./pilatus/InAs0799/InAs0799time3/InAs0799time3_1_630.tif,12478.0,
1401.0,0.000283,./pilatus/InAs0799/InAs0799time3/InAs0799time3_1_631.tif,12364.0,
1402.0,0.000283,./pilatus/InAs0799/InAs0799time3/InAs0799time3_1_632.tif,12991.0,
1403.0,1.0,./pilatus/InAs0799/InAs0799time3/InAs0799time3_1_633.tif,12949.0,
1409.0,0.000285,./pilatus/InAs0799/InAs0799time3/InAs0799time3_1_634.tif,12107.0,
1410.0,0.000286,./pilatus/InAs0799/InAs0799time3/InAs0799time3_1_635.tif,12064.0,
1411.0,0.000285,./pilatus/InAs0799/InAs0799time3/InAs0799time3_1_636.tif,12574.0,
1412.0,1.0,./pilatus/InAs0799/InAs0799time3/InAs0799time3_1_637.tif,12319.0,
1418.0,0.000288,./pilatus/InAs0799/InAs0799time3/InAs0799time3_1_638.tif,11951.0,
1419.0,0.000288,./pilatus/InAs0799/InAs0799time3/InAs0799time3_1_639.tif,12782.0,
1420.0,1.0,./pilatus/InAs0799/InAs0799time3/InAs0799time3_1_640.tif,12824.0,
1426.0,0.000285,./pilatus/InAs0799/InAs0799time3/InAs0799time3_1_641.tif,12584.0,
1427.0,0.000285,./pilatus/InAs0799/InAs0799time3/InAs0799time3_1_642.tif,12912.0,
1428.0,0.000285,./pilatus/InAs0799/InAs0799time3/InAs0799time3_1_643.tif,12339.0,
1429.0,1.0,./pilatus/InAs0799/InAs0799time3/InAs0799time3_1_644.tif,13010.0,
1435.0,0.000285,./pilatus/InAs0799/InAs0799time3/InAs0799time3_1_645.tif,12754.0,
1436.0,0.000286,./pilatus/InAs0799/InAs0799time3/InAs0799time3_1_646.tif,12464.0,
1437.0,0.000287,./pilatus/InAs0799/InAs0799time3/InAs0799time3_1_647.tif,12417.0,
1438.0,1.0,./pilatus/InAs0799/InAs0799time3/InAs0799time3_1_648.tif,12706.0,
1444.0,0.000285,./pilatus/InAs0799/InAs0799time3/InAs0799time3_1_649.tif,12281.0,
1445.0,0.000285,./pilatus/InAs0799/InAs0799time3/InAs0799time3_1_650.tif,12521.0,
1446.0,0.000286,./pilatus/InAs0799/InAs0799time3/InAs0799time3_1_651.tif,12652.0,
1447.0,1.0,./pilatus/InAs0799/InAs0799time3/InAs0799time3_1_652.tif,12717.0,
1453.0,0.000287,./pilatus/InAs0799/InAs0799time3/InAs0799time3_1_653.tif,12928.0,
1454.0,0.000287,./pilatus/InAs0799/InAs0799time3/InAs0799time3_1_654.tif,11804.0,
1455.0,0.000288,./pilatus/InAs0799/InAs0799time3/InAs0799time3_1_655.tif,12587.0,
1456.0,1.0,./pilatus/InAs0799/InAs0799time3/InAs0799time3_1_656.tif,11928.0,
1462.0,0.000292,./pilatus/InAs0799/InAs0799time3/InAs0799time3_1_657.tif,12915.0,
1463.0,0.000292,./pilatus/InAs0799/InAs0799time3/InAs0799time3_1_658.tif,12834.0,
1464.0,0.000292,./pilatus/InAs0799/InAs0799time3/InAs0799time3_1_659.tif,12829.0,
1465.0,1.0,./pilatus/InAs0799/InAs0799time3/InAs0799time3_1_660.tif,12909.0,
1471.0,0.000288,./pilatus/InAs0799/InAs0799time3/InAs0799time3_1_661.tif,12690.0,
1472.0,0.000291,./pilatus/InAs0799/InAs0799time3/InAs0799time3_1_662.tif,12394.0,
1473.0,0.000291,./pilatus/InAs0799/InAs0799time3/InAs0799time3_1_663.tif,12147.0,
1474.0,1.0,./pilatus/InAs0799/InAs0799time3/InAs0799time3_1_664.tif,12842.0,
1480.0,0.000287,./pilatus/InAs0799/InAs0799time3/InAs0799time3_1_665.tif,12218.0,
1481.0,0.000288,./pilatus/InAs0799/InAs0799time3/InAs0799time3_1_666.tif,12119.0,
1482.0,0.000288,./pilatus/InAs0799/InAs0799time3/InAs0799time3_1_667.tif,12776.0,
1483.0,1.0,./pilatus/InAs0799/InAs0799time3/InAs0799time3_1_668.tif,12530.0,
1489.0,0.000285,./pilatus/InAs0799/InAs0799time3/InAs0799time3_1_669.tif,13008.0,
1490.0,0.000286,./pilatus/InAs0799/InAs0799time3/InAs0799time3_1_670.tif,12879.0,
1491.0,1.0,./pilatus/InAs0799/InAs0799time3/InAs0799time3_1_671.tif,12320.0,
1497.0,0.000283,./pilatus/InAs0799/InAs0799time3/InAs0799time3_1_672.tif,12710.0,
1498.0,0.000282,./pilatus/InAs0799/InAs0799time3/InAs0799time3_1_673.tif,12137.0,
1499.0,0.000283,./pilatus/InAs0799/InAs0799time3/InAs0799time3_1_674.tif,12927.0,
1500.0,1.0,./pilatus/InAs0799/InAs0799time3/InAs0799time3_1_675.tif,12398.0,
1506.0,0.000283,./pilatus/InAs0799/InAs0799time3/InAs0799time3_1_676.tif,12943.0,
1507.0,0.000283,./pilatus/InAs0799/InAs0799time3/InAs0799time3_1_677.tif,13076.0,
1508.0,0.000283,./pilatus/InAs0799/InAs0799time3/InAs0799time3_1_678.tif,13077.0,
1509.0,1.0,./pilatus/InAs0799/InAs0799time3/InAs0799time3_1_679.tif,12847.0,
1515.0,0.000284,./pilatus/InAs0799/InAs0799time3/InAs0799time3_1_680.tif,12592.0,
1516.0,0.000283,./pilatus/InAs0799/InAs0799time3/InAs0799time3_1_681.tif,12602.0,
1517.0,0.000283,./pilatus/InAs0799/InAs0799time3/InAs0799time3_1_682.tif,12277.0,
1518.0,1.0,./pilatus/InAs0799/InAs0799time3/InAs0799time3_1_683.tif,12992.0,
1524.0,0.000283,./pilatus/InAs0799/InAs0799time3/InAs0799time3_1_684.tif,12534.0,
1525.0,0.000283,./pilatus/InAs0799/InAs0799time3/InAs0799time3_1_685.tif,12916.0,
1526.0,1.0,./pilatus/InAs0799/InAs0799time3/InAs0799time3_1_686.tif,13040.0,
1532.0,0.000283,./pilatus/InAs0799/InAs0799time3/InAs0799time3_1_687.tif,12791.0,
1533.0,0.000283,./pilatus/InAs0799/InAs0799time3/InAs0799time3_1_688.tif,12981.0,
1534.0,0.000283,./pilatus/InAs0799/InAs0799time3/InAs0799time3_1_689.tif,12989.0,
1535.0,1.0,./pilatus/InAs0799/InAs0799time3/InAs0799time3_1_690.tif,12912.0,
1541.0,0.000285,./pilatus/InAs0799/InAs0799time3/InAs0799time3_1_691.tif,11965.0,
1542.0,0.000285,./pilatus/InAs0799/InAs0799time3/InAs0799time3_1_692.tif,12940.0,
1543.0,0.000285,./pilatus/InAs0799/InAs0799time3/InAs0799time3_1_693.tif,12918.0,
1544.0,1.0,./pilatus/InAs0799/InAs0799time3/InAs0799time3_1_694.tif,12325.0,
1550.0,0.000286,./pilatus/InAs0799/InAs0799time3/InAs0799time3_1_695.tif,12547.0,
1551.0,0.000283,./pilatus/InAs0799/InAs0799time3/InAs0799time3_1_696.tif,11945.0,
1552.0,0.000285,./pilatus/InAs0799/InAs0799time3/InAs0799time3_1_697.tif,11282.0,
1553.0,1.0,./pilatus/InAs0799/InAs0799time3/InAs0799time3_1_698.tif,12599.0,
1559.0,0.000283,./pilatus/InAs0799/InAs0799time3/InAs0799time3_1_699.tif,11862.0,
1560.0,0.000283,./pilatus/InAs0799/InAs0799time3/InAs0799time3_1_700.tif,11277.0,
1561.0,0.000283,./pilatus/InAs0799/InAs0799time3/InAs0799time3_1_701.tif,12068.0,
1562.0,1.0,./pilatus/InAs0799/InAs0799time3/InAs0799time3_1_702.tif,12951.0,
1568.0,0.000283,./pilatus/InAs0799/InAs0799time3/InAs0799time3_1_703.tif,12566.0,
1569.0,0.000282,./pilatus/InAs0799/InAs0799time3/InAs0799time3_1_704.tif,12796.0,
1570.0,1.0,./pilatus/InAs0799/InAs0799time3/InAs0799time3_1_705.tif,12192.0,
1576.0,0.000283,./pilatus/InAs0799/InAs0799time3/InAs0799time3_1_706.tif,11155.0,
1577.0,0.000283,./pilatus/InAs0799/InAs0799time3/InAs0799time3_1_707.tif,11935.0,
1578.0,0.000283,./pilatus/InAs0799/InAs0799time3/InAs0799time3_1_708.tif,12461.0,
1579.0,1.0,./pilatus/InAs0799/InAs0799time3/InAs0799time3_1_709.tif,12821.0,
1585.0,0.000283,./pilatus/InAs0799/InAs0799time3/InAs0799time3_1_710.tif,12624.0,
1586.0,0.000283,./pilatus/InAs0799/InAs0799time3/InAs0799time3_1_711.tif,12753.0,
1587.0,0.000285,./pilatus/InAs0799/InAs0799time3/InAs0799time3_1_712.tif,12325.0,
1588.0,1.0,./pilatus/InAs0799/InAs0799time3/InAs0799time3_1_713.tif,12885.0,
1594.0,0.000283,./pilatus/InAs0799/InAs0799time3/InAs0799time3_1_714.tif,12585.0,
1595.0,0.000283,./pilatus/InAs0799/InAs0799time3/InAs0799time3_1_715.tif,12932.0,
1596.0,0.000282,./pilatus/InAs0799/InAs0799time3/InAs0799time3_1_716.tif,12557.0,
1597.0,1.0,./pilatus/InAs0799/InAs0799time3/InAs0799time3_1_717.tif,12832.0,
1603.0,0.000282,./pilatus/InAs0799/InAs0799time3/InAs0799time3_1_718.tif,12956.0,
1604.0,0.000282,./pilatus/InAs0799/InAs0799time3/InAs0799time3_1_719.tif,12247.0,
1605.0,0.000282,./pilatus/InAs0799/InAs0799time3/InAs0799time3_1_720.tif,12110.0,
1606.0,1.0,./pilatus/InAs0799/InAs0799time3/InAs0799time3_1_721.tif,12618.0,
1612.0,0.000283,./pilatus/InAs0799/InAs0799time3/InAs0799time3_1_722.tif,12525.0,
1613.0,0.000283,./pilatus/InAs0799/InAs0799time3/InAs0799time3_1_723.tif,12567.0,
1614.0,1.0,./pilatus/InAs0799/InAs0799time3/InAs0799time3_1_724.tif,12775.0,
1620.0,0.000283,./pilatus/InAs0799/InAs0799time3/InAs0799time3_1_725.tif,11935.0,
1621.0,0.000283,./pilatus/InAs0799/InAs0799time3/InAs0799time3_1_726.tif,12792.0,
1622.0,0.000281,./pilatus/InAs0799/InAs0799time3/InAs0799time3_1_727.tif,12466.0,
1623.0,1.0,./pilatus/InAs0799/InAs0799time3/InAs0799time3_1_728.tif,12448.0,
1629.0,0.000282,./pilatus/InAs0799/InAs0799time3/InAs0799time3_1_729.tif,11935.0,
1630.0,0.000283,./pilatus/InAs0799/InAs0799time3/InAs0799time3_1_730.tif,12124.0,
1631.0,0.000283,./pilatus/InAs0799/InAs0799time3/InAs0799time3_1_731.tif,11468.0,
1632.0,1.0,./pilatus/InAs0799/InAs0799time3/InAs0799time3_1_732.tif,11321.0,
1638.0,0.000282,./pilatus/InAs0799/InAs0799time3/InAs0799time3_1_733.tif,12736.0,
1639.0,0.000283,./pilatus/InAs0799/InAs0799time3/InAs0799time3_1_734.tif,12880.0,
1640.0,0.000282,./pilatus/InAs0799/InAs0799time3/InAs0799time3_1_735.tif,12880.0,
1641.0,1.0,./pilatus/InAs0799/InAs0799time3/InAs0799time3_1_736.tif,13012.0,
1647.0,0.000283,./pilatus/InAs0799/InAs0799time3/InAs0799time3_1_737.tif,12947.0,
1648.0,0.000283,./pilatus/InAs0799/InAs0799time3/InAs0799time3_1_738.tif,12984.0,
1649.0,0.000283,./pilatus/InAs0799/InAs0799time3/InAs0799time3_1_739.tif,13025.0,
1650.0,1.0,./pilatus/InAs0799/InAs0799time3/InAs0799time3_1_740.tif,12508.0,
1656.0,0.000283,./pilatus/InAs0799/InAs0799time3/InAs0799time3_1_741.tif,12463.0,
1657.0,0.000282,./pilatus/InAs0799/InAs0799time3/InAs0799time3_1_742.tif,12350.0,
1658.0,0.000283,./pilatus/InAs0799/InAs0799time3/InAs0799time3_1_743.tif,12776.0,
1659.0,1.0,./pilatus/InAs0799/InAs0799time3/InAs0799time3_1_744.tif,13182.0,
1665.0,0.000283,./pilatus/InAs0799/InAs0799time3/InAs0799time3_1_745.tif,12281.0,
1666.0,0.000282,./pilatus/InAs0799/InAs0799time3/InAs0799time3_1_746.tif,12032.0,
1667.0,0.000283,./pilatus/InAs0799/InAs0799time3/InAs0799time3_1_747.tif,12627.0,
1668.0,1.0,./pilatus/InAs0799/InAs0799time3/InAs0799time3_1_748.tif,12229.0,
1674.0,0.000283,./pilatus/InAs0799/InAs0799time3/InAs0799time3_1_749.tif,12475.0,
1675.0,0.000283,./pilatus/InAs0799/InAs0799time3/InAs0799time3_1_750.tif,12883.0,
1676.0,0.000283,./pilatus/InAs0799/InAs0799time3/InAs0799time3_1_751.tif,12996.0,
1677.0,1.0,./pilatus/InAs0799/InAs0799time3/InAs0799time3_1_752.tif,13061.0,
1683.0,0.000283,./pilatus/InAs0799/InAs0799time3/InAs0799time3_1_753.tif,12677.0,
1684.0,0.000282,./pilatus/InAs0799/InAs0799time3/InAs0799time3_1_754.tif,12441.0,
1685.0,1.0,./pilatus/InAs0799/InAs0799time3/InAs0799time3_1_755.tif,12425.0,
1691.0,0.000282,./pilatus/InAs0799/InAs0799time3/InAs0799time3_1_756.tif,12365.0,
1692.0,0.000283,./pilatus/InAs0799/InAs0799time3/InAs0799time3_1_757.tif,11270.0,
1693.0,0.000283,./pilatus/InAs0799/InAs0799time3/InAs0799time3_1_758.tif,12807.0,
1694.0,1.0,./pilatus/InAs0799/InAs0799time3/InAs0799time3_1_759.tif,12553.0,
1700.0,0.000283,./pilatus/InAs0799/InAs0799time3/InAs0799time3_1_760.tif,12536.0,
1701.0,0.000283,./pilatus/InAs0799/InAs0799time3/InAs0799time3_1_761.tif,12783.0,
1702.0,0.000283,./pilatus/InAs0799/InAs0799time3/InAs0799time3_1_762.tif,12921.0,
1703.0,1.0,./pilatus/InAs0799/InAs0799time3/InAs0799time3_1_763.tif,11931.0,
1709.0,0.000282,./pilatus/InAs0799/InAs0799time3/InAs0799time3_1_764.tif,12749.0,
1710.0,0.000283,./pilatus/InAs0799/InAs0799time3/InAs0799time3_1_765.tif,12477.0,
1711.0,0.000283,./pilatus/InAs0799/InAs0799time3/InAs0799time3_1_766.tif,12937.0,
1712.0,1.0,./pilatus/InAs0799/InAs0799time3/InAs0799time3_1_767.tif,12582.0,
1718.0,0.000281,./pilatus/InAs0799/InAs0799time3/InAs0799time3_1_768.tif,12528.0,
1719.0,0.000283,./pilatus/InAs0799/InAs0799time3/InAs0799time3_1_769.tif,12802.0,
1720.0,0.000281,./pilatus/InAs0799/InAs0799time3/InAs0799time3_1_770.tif,12520.0,
